{
  "alpha": [
    0.2227317839860916,
    0.2227317839860916,
    0.2227317839860916,
    0.2227317839860916,
    0.2227317839860916,
    0.2227317839860916,
    0.2227317839860916,
    0.2227317839860916,
    0.2227317839860916,
    0.2227317839860916,
    0.2227317839860916,
    0.2227317839860916,
    0.2227317839860916,
    0.2227317839860916,
    0.2227317839860916,
    0.2227317839860916,
    0.2227317839860916,
    0.2227317839860916,
    0.2227317839860916,
    0.2227317839860916,
    0.2227317839860916,
    0.2227317839860916,
    0.2227317839860916,
    0.2227317839860916,
    0.2227317839860916,
    0.2227317839860916,
    0.2227317839860916,
    0.2227317839860916,
    0.2227317839860916,
    0.2227317839860916,
    0.2227317839860916,
    0.2227317839860916,
    0.2227317839860916,
    0.2227317839860916,
    0.2227317839860916,
    0.2227317839860916,
    0.2227317839860916,
    0.2227317839860916,
    0.2227317839860916,
    0.2227317839860916,
    0.2227317839860916,
    0.2227317839860916,
    0.2227317839860916,
    0.2227317839860916,
    0.2227317839860916,
    0.2227317839860916,
    0.2227317839860916,
    0.2227317839860916,
    0.2227317839860916,
    0.2227317839860916,
    0.24868398904800415,
    0.24868398904800415,
    0.24868398904800415,
    0.24868398904800415,
    0.24868398904800415,
    0.24868398904800415,
    0.24868398904800415,
    0.24868398904800415,
    0.24868398904800415,
    0.24868398904800415,
    0.24868398904800415,
    0.24868398904800415,
    0.24868398904800415,
    0.24868398904800415,
    0.24868398904800415,
    0.24868398904800415,
    0.24868398904800415,
    0.24868398904800415,
    0.24868398904800415,
    0.24868398904800415,
    0.24868398904800415,
    0.24868398904800415,
    0.24868398904800415,
    0.24868398904800415,
    0.24868398904800415,
    0.24868398904800415,
    0.24868398904800415,
    0.24868398904800415,
    0.24868398904800415,
    0.24868398904800415,
    0.24868398904800415,
    0.24868398904800415,
    0.24868398904800415,
    0.24868398904800415,
    0.24868398904800415,
    0.24868398904800415,
    0.24868398904800415,
    0.24868398904800415,
    0.24868398904800415,
    0.24868398904800415,
    0.24868398904800415,
    0.24868398904800415,
    0.24868398904800415,
    0.24868398904800415,
    0.24868398904800415,
    0.24868398904800415,
    0.24868398904800415,
    0.24868398904800415,
    0.24868398904800415,
    0.24868398904800415
  ],
  "mu": [
    -1.5,
    -1.5,
    -1.5,
    -1.5,
    -1.5,
    -1.5,
    -1.5,
    -1.5,
    -1.5,
    -1.5,
    -1.5,
    -1.5,
    -1.5,
    -1.5,
    -1.5,
    -1.5,
    -1.5,
    -1.5,
    -1.5,
    -1.5,
    -1.5,
    -1.5,
    -1.5,
    -1.5,
    -1.5,
    -1.5,
    -1.5,
    -1.5,
    -1.5,
    -1.5,
    -1.5,
    -1.5,
    -1.5,
    -1.5,
    -1.5,
    -1.5,
    -1.5,
    -1.5,
    -1.5,
    -1.5,
    -1.5,
    -1.5,
    -1.5,
    -1.5,
    -1.5,
    -1.5,
    -1.5,
    -1.5,
    -1.5,
    -1.5,
    1.5,
    1.5,
    1.5,
    1.5,
    1.5,
    1.5,
    1.5,
    1.5,
    1.5,
    1.5,
    1.5,
    1.5,
    1.5,
    1.5,
    1.5,
    1.5,
    1.5,
    1.5,
    1.5,
    1.5,
    1.5,
    1.5,
    1.5,
    1.5,
    1.5,
    1.5,
    1.5,
    1.5,
    1.5,
    1.5,
    1.5,
    1.5,
    1.5,
    1.5,
    1.5,
    1.5,
    1.5,
    1.5,
    1.5,
    1.5,
    1.5,
    1.5,
    1.5,
    1.5,
    1.5,
    1.5,
    1.5,
    1.5,
    1.5,
    1.5
  ],
  "gamma": 0.0,
  "nu": 2.0,
  "lambda": -3.0,
  "objective": "worst",
  "use_eg_outer": true,
  "config": {
    "dataset": {
      "name": "cifar100_lt_if100",
      "splits_dir": "./data/cifar100_lt_if100_splits_fixed",
      "num_classes": 100,
      "num_groups": 2,
      "group_boundaries": [
        50
      ]
    },
    "experts": {
      "names": [
        "ce_baseline",
        "logitadjust_baseline",
        "balsoftmax_baseline"
      ],
      "logits_dir": "./outputs/logits/cifar100_lt_if100/"
    },
    "gating": {
      "checkpoint": "./checkpoints/gating_map/cifar100_lt_if100/best_gating.pth"
    },
    "map": {
      "lambda_grid": [
        -3.0,
        -2.5,
        -2.0,
        -1.5,
        -1.0,
        -0.5,
        0.0,
        0.5,
        1.0,
        1.5,
        2.0,
        2.5,
        3.0
      ],
      "gamma_grid": [
        0.0,
        0.5,
        1.0,
        2.0
      ],
      "nu_grid": [
        2.0,
        5.0,
        10.0
      ],
      "fp_iterations": 10,
      "fp_ema": 0.7,
      "fp_alpha_min": 0.1,
      "eg_iterations": 10,
      "eg_xi": 0.1,
      "uncertainty_coeff_a": 1.0,
      "uncertainty_coeff_b": 1.0,
      "uncertainty_coeff_d": 1.0
    },
    "evaluation": {
      "cost_grid": [
        -2.0,
        -1.9183673469387754,
        -1.836734693877551,
        -1.7551020408163265,
        -1.6734693877551021,
        -1.5918367346938775,
        -1.510204081632653,
        -1.4285714285714286,
        -1.3469387755102042,
        -1.2653061224489797,
        -1.183673469387755,
        -1.1020408163265307,
        -1.0204081632653061,
        -0.9387755102040818,
        -0.8571428571428572,
        -0.7755102040816328,
        -0.6938775510204083,
        -0.6122448979591837,
        -0.5306122448979593,
        -0.44897959183673475,
        -0.3673469387755104,
        -0.2857142857142858,
        -0.20408163265306145,
        -0.12244897959183687,
        -0.04081632653061229,
        0.04081632653061229,
        0.12244897959183643,
        0.204081632653061,
        0.2857142857142856,
        0.36734693877551017,
        0.4489795918367343,
        0.5306122448979589,
        0.6122448979591835,
        0.693877551020408,
        0.7755102040816326,
        0.8571428571428568,
        0.9387755102040813,
        1.020408163265306,
        1.1020408163265305,
        1.1836734693877546,
        1.2653061224489792,
        1.3469387755102038,
        1.4285714285714284,
        1.510204081632653,
        1.591836734693877,
        1.6734693877551017,
        1.7551020408163263,
        1.8367346938775508,
        1.9183673469387754,
        2.0
      ],
      "use_reweighting": true
    },
    "output": {
      "checkpoints_dir": "./checkpoints/map_plugin/",
      "results_dir": "./results/map_plugin/"
    },
    "seed": 42
  }
}