{
    "aurc": {
        "balanced": 0.35639084403748267,
        "balanced_02_10": 0.2737942776251215,
        "worst": 0.5105135719006675,
        "worst_02_10": 0.366087138070408
    },
    "sweep_type": "dynamic_threshold",
    "mode": "detailed",
    "num_points": 31,
    "per_group_thresholds": true,
    "dynamic_enabled": true
}