{
    "balanced": 0.3070471561689774,
    "balanced_02_10": 0.26177608075309955,
    "worst": 0.42742308579059385,
    "worst_02_10": 0.3734508629449609
}