{
    "balanced": 0.18233040481730942,
    "balanced_02_10": 0.1264912917805352,
    "worst": 0.2989496072674682,
    "worst_02_10": 0.19828833728462864
}