{
    "standard": 0.132121959536007,
    "standard_02_10": 0.12960589074814685,
    "balanced": 0.2311021462542333,
    "balanced_02_10": 0.22648433798479173,
    "worst": 0.30097970136750796,
    "worst_02_10": 0.294829665173374
}