{
    "balanced": 0.24612050014234021,
    "balanced_02_10": 0.2351423147771019,
    "worst": 0.3223201529930748,
    "worst_02_10": 0.3080615553498592
}