{
    "balanced": 0.16756497200636689,
    "balanced_02_10": 0.09803558852913971,
    "worst": 0.24220554445202103,
    "worst_02_10": 0.12039701417060701
}