{
  "rejection_rates": [
    0.6415068507194519,
    0.646881639957428,
    0.6502639055252075,
    0.6534145474433899,
    0.6592341363430023,
    0.6615377366542816,
    0.664864718914032,
    0.6673815250396729,
    0.6701265275478363,
    0.6738568246364594,
    0.6778533160686493,
    0.6833283305168152,
    0.6879056394100189,
    0.6949847936630249,
    0.699513703584671,
    0.7053148150444031,
    0.7108590006828308,
    0.7158004641532898,
    0.720714271068573,
    0.7250345647335052,
    0.7300739884376526,
    0.7370540499687195,
    0.7401263117790222,
    0.7453581690788269,
    0.750654548406601,
    0.7567726075649261,
    0.7639981210231781,
    0.7700769901275635,
    0.7778832912445068,
    0.7856953591108322,
    0.7901297509670258,
    0.7955402433872223,
    0.8029973804950714,
    0.8103508055210114,
    0.819420114159584,
    0.8308668434619904,
    0.8371946066617966,
    0.8448096215724945,
    0.8536980301141739,
    0.864092618227005,
    0.8738383948802948,
    0.8896964564919472,
    0.9019233360886574,
    0.9213918596506119,
    0.9498017840087414,
    0.9859027834609151,
    0.9980489996960387,
    0.9986586153972894,
    0.9996243201021571,
    1.0,
    1.0,
    1.0,
    1.0,
    1.0,
    1.0,
    1.0,
    1.0,
    1.0,
    1.0,
    1.0,
    1.0,
    1.0,
    1.0,
    1.0,
    1.0,
    1.0,
    1.0,
    1.0,
    1.0,
    1.0,
    1.0,
    1.0,
    1.0,
    1.0,
    1.0,
    1.0,
    1.0,
    1.0,
    1.0,
    1.0,
    1.0,
    1.0,
    1.0,
    1.0,
    1.0,
    1.0,
    1.0,
    1.0,
    1.0,
    1.0,
    1.0,
    1.0,
    1.0,
    1.0,
    1.0,
    1.0,
    1.0,
    1.0,
    1.0,
    1.0
  ],
  "selective_errors": [
    0.030885348096489906,
    0.02967476285994053,
    0.027638746425509453,
    0.026766151189804077,
    0.026445455849170685,
    0.025716368108987808,
    0.02414577081799507,
    0.02385382167994976,
    0.023458432406187057,
    0.023157864809036255,
    0.02172093093395233,
    0.019614621996879578,
    0.01925242692232132,
    0.01871694251894951,
    0.016648130491375923,
    0.015912184491753578,
    0.014100953936576843,
    0.013470280915498734,
    0.012836648151278496,
    0.012715629301965237,
    0.012910332530736923,
    0.011876901611685753,
    0.011751245707273483,
    0.010508310049772263,
    0.0098164277151227,
    0.008769894018769264,
    0.009038395248353481,
    0.006590884644538164,
    0.006277757231146097,
    0.006452827248722315,
    0.006484841927886009,
    0.005117741879075766,
    0.0052763656713068485,
    0.004630248993635178,
    0.004250159487128258,
    0.004299331922084093,
    0.003970950376242399,
    0.0034232335165143013,
    0.003260997822508216,
    0.003332344349473715,
    0.002968632848933339,
    0.0016715944511815906,
    0.0007167447474785149,
    0.0008942576823756099,
    0.0,
    0.0,
    0.0,
    0.0,
    0.0,
    1.0,
    1.0,
    1.0,
    1.0,
    1.0,
    1.0,
    1.0,
    1.0,
    1.0,
    1.0,
    1.0,
    1.0,
    1.0,
    1.0,
    1.0,
    1.0,
    1.0,
    1.0,
    1.0,
    1.0,
    1.0,
    1.0,
    1.0,
    1.0,
    1.0,
    1.0,
    1.0,
    1.0,
    1.0,
    1.0,
    1.0,
    1.0,
    1.0,
    1.0,
    1.0,
    1.0,
    1.0,
    1.0,
    1.0,
    1.0,
    1.0,
    1.0,
    1.0,
    1.0,
    1.0,
    1.0,
    1.0,
    1.0,
    1.0,
    1.0,
    1.0
  ],
  "aurc": 0.0029365323553281583,
  "threshold_grid": [
    0.0,
    0.010101010101010102,
    0.020202020202020204,
    0.030303030303030304,
    0.04040404040404041,
    0.05050505050505051,
    0.06060606060606061,
    0.07070707070707072,
    0.08080808080808081,
    0.09090909090909091,
    0.10101010101010102,
    0.11111111111111112,
    0.12121212121212122,
    0.13131313131313133,
    0.14141414141414144,
    0.15151515151515152,
    0.16161616161616163,
    0.17171717171717174,
    0.18181818181818182,
    0.19191919191919193,
    0.20202020202020204,
    0.21212121212121213,
    0.22222222222222224,
    0.23232323232323235,
    0.24242424242424243,
    0.25252525252525254,
    0.26262626262626265,
    0.27272727272727276,
    0.2828282828282829,
    0.29292929292929293,
    0.30303030303030304,
    0.31313131313131315,
    0.32323232323232326,
    0.33333333333333337,
    0.3434343434343435,
    0.3535353535353536,
    0.36363636363636365,
    0.37373737373737376,
    0.38383838383838387,
    0.393939393939394,
    0.4040404040404041,
    0.4141414141414142,
    0.42424242424242425,
    0.43434343434343436,
    0.4444444444444445,
    0.4545454545454546,
    0.4646464646464647,
    0.4747474747474748,
    0.48484848484848486,
    0.494949494949495,
    0.5050505050505051,
    0.5151515151515152,
    0.5252525252525253,
    0.5353535353535354,
    0.5454545454545455,
    0.5555555555555556,
    0.5656565656565657,
    0.5757575757575758,
    0.5858585858585859,
    0.595959595959596,
    0.6060606060606061,
    0.6161616161616162,
    0.6262626262626263,
    0.6363636363636365,
    0.6464646464646465,
    0.6565656565656566,
    0.6666666666666667,
    0.6767676767676768,
    0.686868686868687,
    0.696969696969697,
    0.7070707070707072,
    0.7171717171717172,
    0.7272727272727273,
    0.7373737373737375,
    0.7474747474747475,
    0.7575757575757577,
    0.7676767676767677,
    0.7777777777777778,
    0.787878787878788,
    0.797979797979798,
    0.8080808080808082,
    0.8181818181818182,
    0.8282828282828284,
    0.8383838383838385,
    0.8484848484848485,
    0.8585858585858587,
    0.8686868686868687,
    0.8787878787878789,
    0.888888888888889,
    0.8989898989898991,
    0.9090909090909092,
    0.9191919191919192,
    0.9292929292929294,
    0.9393939393939394,
    0.9494949494949496,
    0.9595959595959597,
    0.9696969696969697,
    0.9797979797979799,
    0.98989898989899,
    1.0
  ],